{"cameraMode":{"drawMode":0,"name":"Shaded","section":"Shading Mode"},"sceneLighting":true,"audioPlay":false,"sceneViewState":{"m_AlwaysRefresh":false,"showFog":true,"showSkybox":true,"showFlares":true,"showImageEffects":true,"showParticleSystems":true,"showVisualEffectGraphs":true,"m_FxEnabled":true},"in2DMode":false,"pivot":{"x":1.4885966777801514,"y":2.2869367599487306,"z":1.3432683944702149},"rotation":{"x":-0.0015696185873821378,"y":0.99690842628479,"z":-0.07580894976854325,"w":-0.020642993971705438},"size":7.645374774932861,"orthographic":true}